name,selling_price,year,seller_type,owner,km_driven,ex_showroom_price,age,usage_intensity,brand
'Honda Dio',45000,2017,1,0,5650,72752.5,7,807.1428571428571,7
'Yamaha Fazer FI V 2.0 [2016-2018]',65000,2015,1,0,23000,89643.0,9,2555.5555555555557,18
'Yamaha SZ [2013-2014]',20000,2011,1,1,21000,72752.5,13,1615.3846153846155,18
'Honda CB Twister',18000,2010,1,0,60000,53857.0,14,4285.714285714285,7
'Honda CB Hornet 160R',78500,2018,1,0,17000,87719.0,6,2833.3333333333335,7
'Hero Honda CBZ extreme',30000,2010,1,0,32000,72752.5,14,2285.714285714286,6
'Bajaj Discover 125',50000,2016,1,0,42000,60122.0,8,5250.0,3
'Yamaha FZ16',35000,2015,1,0,32000,78712.0,9,3555.5555555555557,18
'Honda Navi',28000,2016,1,1,10000,47255.0,8,1250.0,7
'Bajaj Avenger Street 220',80000,2018,1,0,21178,95955.0,6,3529.6666666666665,3
'Suzuki Access 125 [2007-2016]',25000,2012,1,0,55000,58314.0,12,4583.333333333333,14
'Hero Honda Glamour',25000,2006,1,0,27000,72752.5,18,1500.0,6
'Hero Passion Pro 110',15000,2008,1,0,60000,72752.5,16,3750.0,6
'Honda Navi [2016-2017]',26000,2016,1,0,17450,44389.0,8,2181.25,7
'Honda Activa i',32000,2013,1,1,20696,53900.0,11,1881.4545454545455,7
'Royal Enfield Thunderbird 350',110000,2016,1,0,20000,72752.5,8,2500.0,13
'Honda Dream Yuga',25000,2012,1,0,35000,56147.0,12,2916.6666666666665,7
'TVS Apache RTR 160 4V',80000,2018,1,0,15210,72752.5,6,2535.0,15
'Honda Navi [2016-2017]',42000,2017,1,0,24000,44389.0,7,3428.5714285714284,7
'Yamaha Fazer [2009-2016]',40000,2013,1,2,35000,84751.0,11,3181.818181818182,18
'Hero Honda Splendor NXG',21000,2009,1,0,10000,72752.5,15,666.6666666666666,6
'Hero Glamour 125',55000,2017,1,0,2500,61600.0,7,357.14285714285717,6
'Yamaha FZ S [2012-2016]',38000,2013,1,0,75000,79432.0,11,6818.181818181818,18
'Hero Xtreme Sports',43000,2016,1,1,50000,78350.0,8,6250.0,6
'Honda X-Blade',65000,2018,1,0,27000,72752.5,6,4500.0,7
'Honda CB Shine SP',62000,2019,1,0,10000,71049.0,5,2000.0,7
'Honda Activa 5G',60000,2018,1,0,6502,57557.0,6,1083.6666666666667,7
'Hero Glamour 125',45000,2018,1,0,21000,61600.0,6,3500.0,6
'Hero Honda Passion PRO [2012]',30000,2011,1,0,42000,72752.5,13,3230.769230769231,6
'Royal Enfield Thunderbird 350',90000,2015,1,2,13000,72752.5,9,1444.4444444444443,13
'Bajaj Dominar 400',125000,2017,1,0,12800,72752.5,7,1828.5714285714287,3
'Hero Glamour FI',50000,2018,1,0,20000,71150.0,6,3333.3333333333335,6
'Hero Passion XPro',28000,2012,1,0,81000,56750.0,12,6750.0,6
'Yamaha FZ S V 2.0',85000,2018,1,0,8000,84042.0,6,1333.3333333333333,18
'Hero Achiever 150',29900,2016,1,0,55000,69750.0,8,6875.0,6
'Bajaj Discover 125',25000,2011,1,0,57000,60122.0,13,4384.615384615385,3
'Yamaha FZ16',30000,2009,1,1,26000,78712.0,15,1733.3333333333333,18
'Yamaha Saluto',60000,2018,1,0,13000,59844.0,6,2166.6666666666665,18
'Yamaha FZ16',35000,2012,1,1,29000,78712.0,12,2416.6666666666665,18
'Bajaj Discover 100',25000,2010,1,0,43000,42859.0,14,3071.4285714285716,3
'Honda CB Trigger',30000,2015,1,0,40000,73413.0,9,4444.444444444444,7
'Royal Enfield Electra 5 S',90000,2010,1,1,40000,72752.5,14,2857.1428571428573,13
'Hero Splendor PRO',35000,2015,1,1,24000,49900.0,9,2666.6666666666665,6
'Honda Activa 5G',70000,2019,1,0,3000,59422.0,5,600.0,7
'Hero Honda Passion Plus',25000,2006,1,0,75000,72752.5,18,4166.666666666667,6
'Bajaj Pulsar 150',25000,2010,1,0,42000,72752.5,14,3000.0,3
'Royal Enfield Bullet 350',90000,2014,1,0,13000,72752.5,10,1300.0,13
'Bajaj Discover 125',25000,2013,1,0,55000,57549.0,11,5000.0,3
'Bajaj Pulsar 150 [2001-2011]',42000,2011,1,0,23000,72752.5,13,1769.2307692307693,3
'Hero Splendor PRO',35000,2015,1,1,24000,51994.0,9,2666.6666666666665,6
'Honda Activa 3G',30000,2015,1,0,39000,54605.0,9,4333.333333333333,7
'Yamaha FZ16',48000,2016,1,0,20000,78712.0,8,2500.0,18
'Honda CB Hornet 160R',65000,2016,1,0,30000,88161.0,8,3750.0,7
'Royal Enfield Thunderbird 350',85000,2013,1,0,21000,72752.5,11,1909.090909090909,13
'Hero Hunk',45000,2014,1,0,41000,78513.0,10,4100.0,6
'Suzuki Let\'\'s',34000,2014,1,0,8000,50098.0,10,800.0,14
'Royal Enfield Electra 4 S',90000,2008,1,0,50000,72752.5,16,3125.0,13
'TVS Scooty Pep Plus',35000,2012,1,0,8150,72752.5,12,679.1666666666666,15
'TVS Apache RTR 160',35000,2013,1,0,55750,72752.5,11,5068.181818181818,15
'Bajaj Pulsar AS200',65000,2015,1,0,15856,92074.0,9,1761.7777777777778,3
'Bajaj Pulsar 150',29500,2013,1,0,27000,72752.5,11,2454.5454545454545,3
'Suzuki Intruder 150',95000,2018,1,0,21938,72752.5,6,3656.3333333333335,14
'Hero Honda Karizma ZMR [2010]',50000,2010,1,0,48000,72752.5,14,3428.5714285714284,6
'Honda Dio',7500,2009,1,1,16000,72752.5,15,1066.6666666666667,7
'Bajaj Xcd',25000,2008,1,0,54000,72752.5,16,3375.0,3
'Hero Splendor Plus',35000,2014,1,1,35000,72752.5,10,3500.0,6
'Honda CB Unicorn 150',50000,2014,1,0,32000,74295.0,10,3200.0,7
'Honda Activa 5G',62000,2019,1,0,3500,57557.0,5,700.0,7
'Honda CB Twister',30000,2013,1,0,9000,53857.0,11,818.1818181818181,7
'Hero Splendor PRO',28000,2015,1,0,38000,49642.0,9,4222.222222222223,6
'Hero Honda CD Deluxe',25000,2009,1,0,50000,72752.5,15,3333.3333333333335,6
'Honda Activa i [2016-2017]',30000,2015,1,1,20000,51112.0,9,2222.222222222222,7
'TVS Scooty Zest 110',30000,2017,1,0,9432,53751.0,7,1347.4285714285713,15
'Hero CD Deluxe',25000,2014,1,0,70000,72752.5,10,7000.0,6
'Suzuki Access 125 [2007-2016]',22000,2010,1,1,43000,58314.0,14,3071.4285714285716,14
'Honda Activa 125 [2016-2017]',42000,2016,1,0,30514,61653.0,8,3814.25,7
'Bajaj Pulsar 220S',55000,2015,1,0,45000,72752.5,9,5000.0,3
'Honda Activa 4G',45000,2018,1,0,25000,53079.0,6,4166.666666666667,7
'Bajaj Pulsar 150',42000,2015,1,0,22770,72752.5,9,2530.0,3
'Hero Splendor Plus',30000,2015,1,0,30000,72752.5,9,3333.3333333333335,6
'Bajaj Discover 100',24999,2012,1,1,35000,42859.0,12,2916.6666666666665,3
'Bajaj Pulsar 150',40000,2013,1,0,43400,72752.5,11,3945.4545454545455,3
'Bajaj Pulsar NS160',85000,2018,1,0,7004,72752.5,6,1167.3333333333333,3
'Suzuki Gixxer SF',80000,2018,1,0,12500,72752.5,6,2083.3333333333335,14
'TVS Apache RTR 200 4V',95000,2018,1,0,9600,72752.5,6,1600.0,15
'Bajaj V15',42000,2016,1,0,35000,65626.0,8,4375.0,3
'TVS XL 100 Heavy Duty',40000,2019,1,0,11000,72752.5,5,2200.0,15
'Yamaha FZ S V 2.0',50000,2015,1,0,20000,84042.0,9,2222.222222222222,18
'Hero HF Deluxe',40000,2018,1,0,13000,72752.5,6,2166.6666666666665,6
'Aprilia SR 125',75000,2019,1,0,3500,72752.5,5,700.0,1
'Hero Honda Glamour',30000,2008,1,0,7500,72752.5,16,468.75,6
'Bajaj Discover 125 ST',17500,2013,1,0,38000,58438.0,11,3454.5454545454545,3
'Honda Aviator',57000,2018,1,0,6465,61118.0,6,1077.5,7
'Vespa SXL 149',80000,2018,1,0,18803,72752.5,6,3133.8333333333335,17
'TVS Scooty Pep Plus',18000,2010,1,0,20000,72752.5,14,1428.5714285714287,15
'Hero Xtreme [2013-2014]',25000,2013,1,0,24000,75936.0,11,2181.818181818182,6
'Royal Enfield Thunderbird 350',83900,2014,1,1,22000,72752.5,10,2200.0,13
'Honda CB Hornet 160R',55000,2017,1,0,14000,87543.0,7,2000.0,7
'Honda Shine',50000,2017,1,0,23000,72752.5,7,3285.714285714286,7
'Bajaj Discover 100',20000,2012,1,0,85000,42859.0,12,7083.333333333333,3
'Hero Honda CBZ extreme',25000,2010,1,0,40000,72752.5,14,2857.1428571428573,6
'Royal Enfield Classic 350',125000,2017,1,0,18000,72752.5,7,2571.4285714285716,13
'Honda Activa 5G',55000,2019,1,0,10000,57557.0,5,2000.0,7
'Bajaj Avenger Street 150 [2018]',50000,2016,1,0,40000,80435.0,8,5000.0,3
'Honda Activa 3G',60000,2015,1,0,30000,54605.0,9,3333.3333333333335,7
'Honda Activa 3G',40000,2015,1,0,3000,54605.0,9,333.3333333333333,7
'Bajaj Pulsar 180',15000,2008,1,0,55000,85011.0,16,3437.5,3
'Hero Honda CBZ extreme',20000,2007,1,0,90000,72752.5,17,5294.117647058823,6
'Honda CB Hornet 160R',54786,2016,1,0,25000,88161.0,8,3125.0,7
'KTM 200 Duke',72000,2013,1,0,36500,72752.5,11,3318.181818181818,10
'Hero Karizma 2014',35000,2013,1,0,26000,86744.0,11,2363.6363636363635,6
'Hero Glamour 125',45000,2017,1,0,18000,61600.0,7,2571.4285714285716,6
'Royal Enfield Classic 350',85000,2013,1,0,49000,72752.5,11,4454.545454545455,13
'Royal Enfield Thunderbird 350',100000,2015,1,0,14500,72752.5,9,1611.111111111111,13
'Hero Hunk',20000,2010,1,0,35000,78513.0,14,2500.0,6
'Suzuki Gixxer [2014-2018]',60000,2016,1,0,16000,84246.0,8,2000.0,14
'Royal Enfield Bullet 350',123000,2016,1,0,7000,72752.5,8,875.0,13
'Suzuki Access 125',60000,2017,1,0,4000,72752.5,7,571.4285714285714,14
'TVS Apache RTR 200 4V',100000,2017,1,0,45000,72752.5,7,6428.571428571428,15
'Honda Activa [2000-2015]',30000,2014,1,0,52000,50267.0,10,5200.0,7
'Bajaj Discover 125',28000,2013,1,0,45000,60122.0,11,4090.909090909091,3
'Bajaj Pulsar 150',50000,2007,1,0,52000,72752.5,17,3058.823529411765,3
'Yamaha Saluto RX',40000,2017,1,0,27000,49521.0,7,3857.1428571428573,18
'Suzuki Access 125',40000,2015,1,0,2300,72752.5,9,255.55555555555554,14
'Hero HF Deluxe',30000,2016,1,0,50000,72752.5,8,6250.0,6
'KTM RC 200',130000,2017,1,0,27000,72752.5,7,3857.1428571428573,10
'Honda CB Hornet 160R',48000,2016,1,1,25000,88161.0,8,3125.0,7
'Bajaj CT 100',32000,2017,1,0,40000,72752.5,7,5714.285714285715,3
'Hero Honda Pleasure',23000,2010,1,0,32000,72752.5,14,2285.714285714286,6
'Bajaj Pulsar 135 LS',20000,2010,1,1,50000,64589.0,14,3571.4285714285716,3
'Royal Enfield Classic 350',125000,2017,1,0,36000,72752.5,7,5142.857142857143,13
'Honda Navi [2016-2017]',23000,2016,1,0,17450,44389.0,8,2181.25,7
'Bajaj Discover 125',15000,2011,1,0,32000,57549.0,13,2461.5384615384614,3
'Yamaha SZ RR V 2.0',35000,2015,1,0,38000,69983.0,9,4222.222222222223,18
'Bajaj Discover 150',25000,2014,1,1,71000,54299.0,10,7100.0,3
'Bajaj Pulsar 150',80000,2019,1,0,8000,72752.5,5,1600.0,3
'TVS Flame',15000,2010,1,0,12000,72752.5,14,857.1428571428571,15
'Vespa VX 125',45000,2013,1,1,50000,72303.0,11,4545.454545454545,17
'Yamaha SZ X',25000,2012,1,1,30000,65800.0,12,2500.0,18
'Honda CBF Stunner',35000,2013,1,0,15888,58757.0,11,1444.3636363636363,7
'Bajaj Discover 100 T',25000,2013,1,0,26000,47032.0,11,2363.6363636363635,3
'Honda Activa [2000-2015]',25000,2014,1,0,41000,50267.0,10,4100.0,7
'Royal Enfield Electra 5 S',60000,2007,1,1,19612,72752.5,17,1153.6470588235295,13
'Bajaj Pulsar 150',41000,2012,1,0,17000,72752.5,12,1416.6666666666667,3
'Honda Shine',35000,2012,1,0,33700,72752.5,12,2808.3333333333335,7
'Honda Activa 3G',47999,2016,1,0,6000,54605.0,8,750.0,7
'Honda Shine',36999,2011,1,0,21000,72752.5,13,1615.3846153846155,7
'Bajaj Pulsar 180',25000,2007,1,0,80000,85011.0,17,4705.882352941177,3
'Suzuki Gixxer SF',60000,2016,1,0,15000,72752.5,8,1875.0,14
'Honda CB Unicorn 150',50000,2007,1,0,46000,74295.0,17,2705.8823529411766,7
'TVS Sport',12000,2007,1,0,72000,72752.5,17,4235.294117647059,15
'Bajaj Pulsar AS200',60000,2015,1,0,50000,92074.0,9,5555.555555555556,3
'Honda Activa [2000-2015]',20000,2010,1,0,50000,50267.0,14,3571.4285714285716,7
'Yamaha FZ16',27000,2011,1,0,67000,78712.0,13,5153.846153846154,18
'Hero Honda Hunk',56000,2015,1,0,48000,72752.5,9,5333.333333333333,6
'Hero Honda Hunk',58000,2015,1,0,48000,72752.5,9,5333.333333333333,6
'Bajaj Avenger Cruise 220',87000,2018,1,0,8000,72752.5,6,1333.3333333333333,3
'Yamaha Ray Z',35000,2015,1,0,15500,52949.0,9,1722.2222222222222,18
'Bajaj Pulsar 180',35000,2012,1,0,45000,85011.0,12,3750.0,3
'Bajaj Discover 150F',40000,2014,1,1,60855,64071.0,10,6085.5,3
'Bajaj Pulsar 135 LS',56000,2017,1,2,37714,64589.0,7,5387.714285714285,3
'Bajaj Pulsar 180',30000,2008,1,1,60000,85011.0,16,3750.0,3
'Honda Activa 125 [2016-2017]',40000,2017,1,0,26000,61545.0,7,3714.285714285714,7
'Hero HF Deluxe',60000,2019,1,0,6000,72752.5,5,1200.0,6
'Hero Karizma 2014',40000,2013,1,0,30000,86744.0,11,2727.2727272727275,6
'Bajaj Platina 100',40000,2018,1,0,17000,72752.5,6,2833.3333333333335,3
'Bajaj Pulsar AS200',45000,2015,1,0,48000,92074.0,9,5333.333333333333,3
'Yamaha FZ S [2012-2016]',42000,2013,1,0,60000,79432.0,11,5454.545454545455,18
'Bajaj Pulsar 220 Fi',25000,2012,1,0,44000,72752.5,12,3666.6666666666665,3
'Bajaj Pulsar 150',15000,2006,1,0,55000,72752.5,18,3055.5555555555557,3
'Hero Passion X Pro [2016-2017]',38000,2016,1,1,20000,59095.0,8,2500.0,6
'Yamaha FZ S V 2.0',60000,2015,1,1,17500,84042.0,9,1944.4444444444443,18
'TVS Apache RTR 160',65000,2017,1,0,46000,72752.5,7,6571.428571428572,15
'Bajaj Avenger [2015]',35000,2011,1,0,30000,75502.0,13,2307.6923076923076,3
'Bajaj Pulsar 150',70000,2019,1,0,6500,72752.5,5,1300.0,3
'Hero Honda Glamour',15000,2006,1,0,80000,72752.5,18,4444.444444444444,6
'Hero Splendor iSmart',50000,2017,1,1,10000,52271.0,7,1428.5714285714287,6
'Yamaha FZ16',25000,2008,1,0,40000,78712.0,16,2500.0,18
'Hero Xtreme Sports',58000,2016,1,0,21000,80350.0,8,2625.0,6
'Royal Enfield Bullet 350 [2007-2011]',90000,2007,1,0,3500,72752.5,17,205.88235294117646,13
'Hero Honda Passion',9000,2002,1,1,66191,72752.5,22,3008.681818181818,6
'Bajaj Discover 150S',40000,2014,1,0,50000,63331.0,10,5000.0,3
'TVS Scooty Zest 110',28000,2015,1,0,32800,52372.0,9,3644.4444444444443,15
'Bajaj Avenger Street 150 [2018]',50000,2016,1,0,32000,80435.0,8,4000.0,3
'Yamaha Cygnus Ray ZR',56000,2019,1,0,3900,58630.0,5,780.0,18
'Honda Activa [2000-2015]',35000,2014,1,0,10000,50267.0,10,1000.0,7
'TVS Apache RTR 200 4V',95000,2018,1,0,9600,72752.5,6,1600.0,15
'Honda Shine',30000,2010,1,0,46782,72752.5,14,3341.5714285714284,7
'Honda CB Hornet 160R',95000,2019,1,0,8000,94703.0,5,1600.0,7
'Honda Activa i [2016-2017]',40000,2017,1,0,11000,53436.0,7,1571.4285714285713,7
'Hero Karizma 2014',30000,2014,1,1,51000,86744.0,10,5100.0,6
'Bajaj Discover 100 T',18000,2013,1,0,45000,47032.0,11,4090.909090909091,3
'Honda Aviator',14000,2008,1,0,66000,59183.0,16,4125.0,7
'Hero Splendor Plus',17000,2010,1,1,50000,72752.5,14,3571.4285714285716,6
'Royal Enfield Thunderbird 350',125000,2017,1,0,23500,72752.5,7,3357.1428571428573,13
'Bajaj CT 110',20000,2015,1,0,25000,72752.5,9,2777.777777777778,3
'Hero Passion PRO i3s',50000,2017,1,0,41000,56925.0,7,5857.142857142857,6
'Bajaj Pulsar 220F',70000,2018,1,0,33000,72752.5,6,5500.0,3
'Hero Maestro Edge',40000,2017,1,0,15000,55980.0,7,2142.8571428571427,6
'Bajaj Xcd',10000,2008,1,0,50000,72752.5,16,3125.0,3
'Bajaj Pulsar 150',35000,2010,1,0,40000,72752.5,14,2857.1428571428573,3
'TVS Centra',10000,2005,1,0,50000,72752.5,19,2631.5789473684213,15
'Honda Activa 3G',42000,2015,1,0,20000,54605.0,9,2222.222222222222,7
'Yamaha FZ16',20000,2009,1,0,50000,78712.0,15,3333.3333333333335,18
'Hero Super Splendor',50000,2016,1,0,20000,72752.5,8,2500.0,6
'TVS Scooty Pep Plus',30000,2011,1,0,20000,72752.5,13,1538.4615384615386,15
'Yamaha FZ V 2.0',60000,2014,1,0,41311,81508.0,10,4131.1,18
'Hero Honda Splendor Plus',15000,2005,1,0,65000,72752.5,19,3421.0526315789475,6
'Hero CD Deluxe',15000,2014,1,1,34000,72752.5,10,3400.0,6
'Hero Honda Passion PRO [2012]',25000,2011,1,0,20000,72752.5,13,1538.4615384615386,6
'Hero HF Deluxe i3s',54000,2019,1,0,11000,72752.5,5,2200.0,6
'Bajaj Xcd',25000,2007,1,0,75000,72752.5,17,4411.764705882353,3
'Bajaj Kristal',15000,2007,1,0,30000,72752.5,17,1764.7058823529412,3
'Hero Honda Splendor Plus',20000,2006,1,0,23000,72752.5,18,1277.7777777777778,6
'Honda Dream Yuga',35000,2014,1,0,10000,56147.0,10,1000.0,7
'Yamaha FZ S V 2.0',50000,2016,1,0,40000,87042.0,8,5000.0,18
'Bajaj V15',40000,2016,1,0,45000,67187.0,8,5625.0,3
'Bajaj Avenger Street 220',80000,2016,1,0,7200,95955.0,8,900.0,3
'Bajaj Discover 135',20000,2010,1,0,31195,72752.5,14,2228.214285714286,3
'Honda CB Unicorn 150',70000,2017,1,0,18000,74295.0,7,2571.4285714285716,7
'Vespa SXL 149',98000,2019,1,0,1000,72752.5,5,200.0,17
'Royal Enfield Machismo',75000,2008,1,1,17000,72752.5,16,1062.5,13
'Honda CB Shine SP',50000,2016,1,0,46000,67214.0,8,5750.0,7
'Honda CB Unicorn 150',75000,2013,1,0,54000,74295.0,11,4909.090909090909,7
'Honda CB Unicorn 150',50000,2013,1,0,17000,74295.0,11,1545.4545454545455,7
'Bajaj Pulsar 150',60000,2014,1,0,60000,72752.5,10,6000.0,3
'TVS Apache RTR 160',50000,2016,1,0,40000,72752.5,8,5000.0,15
'Honda Dio',35000,2014,1,0,25000,72752.5,10,2500.0,7
'Hero Maestro',25000,2015,1,1,40000,49412.0,9,4444.444444444444,6
'Hero Honda CBZ extreme',42000,2010,1,0,51000,72752.5,14,3642.8571428571427,6
'Honda Activa 125',40000,2014,1,0,14965,72752.5,10,1496.5,7
'TVS Apache RTR 200 4V',85000,2018,1,0,10000,72752.5,6,1666.6666666666667,15
'TVS Wego',45000,2018,1,0,10000,54760.0,6,1666.6666666666667,15
'Bajaj Pulsar NS200',85000,2018,1,0,7750,72752.5,6,1291.6666666666667,3
'Royal Enfield Thunderbird 350',100000,2015,1,0,30000,72752.5,9,3333.3333333333335,13
'Royal Enfield Classic 350',95000,2015,1,0,9800,72752.5,9,1088.888888888889,13
'Honda CB Shine SP',48000,2015,1,0,25000,67469.0,9,2777.777777777778,7
'Bajaj Avenger Street 150 [2018]',40000,2016,1,0,29689,80435.0,8,3711.125,3
'Honda CBF Stunner',37000,2014,1,0,43000,58757.0,10,4300.0,7
'Bajaj Avenger [2015]',38000,2014,1,1,28243,75502.0,10,2824.3,3
'Suzuki Gixxer [2014-2018]',55000,2015,1,0,25000,78316.0,9,2777.777777777778,14
'Suzuki Access 125',45000,2017,1,0,22300,72752.5,7,3185.714285714286,14
'TVS Scooty Streak',18000,2009,1,1,33595,44140.0,15,2239.6666666666665,15
'Hero Honda Splendor Plus',15000,2007,1,0,30000,72752.5,17,1764.7058823529412,6
'Bajaj Pulsar 125',65000,2019,1,0,16000,72752.5,5,3200.0,3
'Honda Activa 5G',42000,2018,1,0,22000,57557.0,6,3666.6666666666665,7
'Yamaha Fazer Dlx',58000,2012,1,0,40000,72752.5,12,3333.3333333333335,18
'Hero Xtreme 2014',35000,2013,1,0,15000,72973.0,11,1363.6363636363637,6
'Hero Honda Hunk',28000,2009,1,0,40000,72752.5,15,2666.6666666666665,6
'Royal Enfield Classic 350',125000,2017,1,0,33900,72752.5,7,4842.857142857143,13
'Bajaj Pulsar 150 [2001-2011]',15000,2005,1,0,47670,72752.5,19,2508.9473684210525,3
'Honda Activa [2000-2015]',29500,2013,1,0,45000,50267.0,11,4090.909090909091,7
'Hero Honda Splendor PRO',30000,2012,1,0,22866,72752.5,12,1905.5,6
'Bajaj Pulsar 220F',70000,2016,1,0,31000,72752.5,8,3875.0,3
'Yamaha Fascino 110',69000,2019,1,0,1600,57112.0,5,320.0,18
'Yamaha FZ16',30000,2011,1,0,44000,78712.0,13,3384.6153846153848,18
'Yamaha FZ16',30000,2010,1,0,70000,78712.0,14,5000.0,18
'TVS Star City Plus',42000,2017,1,0,21000,72752.5,7,3000.0,15
'Bajaj Pulsar 135 LS',20000,2010,1,0,80000,64589.0,14,5714.285714285715,3
'Suzuki Access 125',45000,2017,1,0,15000,72752.5,7,2142.8571428571427,14
'Bajaj Pulsar 135 LS',23000,2010,1,0,77000,64589.0,14,5500.0,3
'Hero Honda Splendor Plus',12000,2005,1,0,48000,72752.5,19,2526.315789473684,6
'Hero Passion PRO i3s',50000,2017,1,0,18000,56925.0,7,2571.4285714285716,6
'Honda Activa 5G',55000,2019,1,0,9000,59422.0,5,1800.0,7
'Yamaha Fascino 110',45000,2016,1,0,56000,54500.0,8,7000.0,18
'Hero Splendor Plus',25000,2012,1,0,50000,72752.5,12,4166.666666666667,6
'Royal Enfield Thunderbird 350',90000,2014,1,0,12000,72752.5,10,1200.0,13
'Yamaha YZF R15 V3',120000,2018,1,0,11500,72752.5,6,1916.6666666666667,18
'KTM RC 200',120000,2015,1,0,20000,72752.5,9,2222.222222222222,10
'TVS Radeon',35000,2017,1,0,20000,66492.0,7,2857.1428571428573,15
'Hero HF Deluxe',35000,2017,1,0,27000,72752.5,7,3857.1428571428573,6
'Royal Enfield Thunderbird 350',87000,2012,1,0,20477,72752.5,12,1706.4166666666667,13
'Hero Honda Splendor Plus',18000,2010,1,0,35700,72752.5,14,2550.0,6
'Yamaha FZ S V 2.0',50000,2014,1,0,70000,84042.0,10,7000.0,18
'Bajaj Avenger Street 220',60000,2016,1,0,29000,95955.0,8,3625.0,3
'Hero Honda Splendor Plus',15000,2004,1,0,14500,72752.5,20,725.0,6
'Bajaj Platina 100',30000,2018,1,0,37000,72752.5,6,6166.666666666667,3
'Honda CB Unicorn 150',50000,2016,1,0,27000,74295.0,8,3375.0,7
'Suzuki Gixxer [2014-2018]',62000,2017,1,0,15000,78316.0,7,2142.8571428571427,14
'Bajaj Platina 100',45000,2019,1,0,15000,72752.5,5,3000.0,3
'Royal Enfield Thunderbird 350',120000,2017,1,0,4050,72752.5,7,578.5714285714286,13
'Bajaj Pulsar AS150',50000,2015,1,0,5000,80821.0,9,555.5555555555555,3
'Bajaj Pulsar 150',30000,2012,1,1,5000,72752.5,12,416.6666666666667,3
'Hero Pleasure',40000,2014,1,0,14000,51600.0,10,1400.0,6
'Honda Aviator',41000,2013,1,0,36500,63537.0,11,3318.181818181818,7
'Royal Enfield Thunderbird 350',120000,2017,1,1,9000,72752.5,7,1285.7142857142858,13
'Hero Ignitor',35000,2014,1,0,33200,67722.0,10,3320.0,6
'TVS Apache RTR 160',35000,2011,1,0,25000,72752.5,13,1923.076923076923,15
'Hero Achiever 150',38000,2017,1,0,26000,69750.0,7,3714.285714285714,6
'Vespa LX 125',50000,2015,1,0,3909,77900.0,9,434.3333333333333,17
'Honda Activa 3G',40000,2015,1,0,7672,54605.0,9,852.4444444444445,7
'Hero Splendor Plus i3s',70000,2019,1,0,3000,55600.0,5,600.0,6
'Hero Maestro',26500,2016,1,1,40000,53830.0,8,5000.0,6
'Hero Glamour 125',38000,2016,0,0,5500,61600.0,8,687.5,6
'Yamaha FZ16',60000,2016,1,0,29950,78712.0,8,3743.75,18
'Yamaha FZ S V 2.0',78000,2017,1,0,26100,84480.0,7,3728.5714285714284,18
'Hero Maestro Edge',58000,2018,1,0,6000,54580.0,6,1000.0,6
'Bajaj Pulsar 180',32000,2012,1,0,40000,85011.0,12,3333.3333333333335,3
'Bajaj Pulsar 180',50000,2017,1,0,20500,85011.0,7,2928.5714285714284,3
'KTM 200 Duke',120000,2017,1,0,4100,72752.5,7,585.7142857142857,10
'Bajaj Avenger Street 150 [2018]',60000,2016,1,1,23097,80435.0,8,2887.125,3
'Bajaj Discover 100 M',20000,2011,1,0,37734,44756.0,13,2902.6153846153848,3
'Royal Enfield Bullet 350 [2007-2011]',65000,2011,1,1,65000,72752.5,13,5000.0,13
'Yamaha FZ V 2.0',35000,2014,1,0,13500,81508.0,10,1350.0,18
'Bajaj Avenger Street 220',95000,2018,1,0,23000,95955.0,6,3833.3333333333335,3
'Bajaj Pulsar 150',8000,2005,1,0,58000,72752.5,19,3052.6315789473683,3
'Royal Enfield Thunderbird 350',85000,2010,1,0,15000,72752.5,14,1071.4285714285713,13
'Hero Achiever 150',65000,2016,1,0,29000,69750.0,8,3625.0,6
'Hero Passion Pro 110',39000,2013,1,0,20000,72752.5,11,1818.1818181818182,6
'Hero Duet',45000,2017,1,0,35000,50280.0,7,5000.0,6
'Bajaj Avenger Street 150 [2018]',60000,2016,1,0,45137,80435.0,8,5642.125,3
'Bajaj Pulsar 150',35000,2011,1,0,35600,72752.5,13,2738.4615384615386,3
'Bajaj Pulsar 135 LS',40000,2018,1,0,15000,64589.0,6,2500.0,3
'Yamaha Fazer [2009-2016]',40000,2012,1,0,7353,84751.0,12,612.75,18
'Honda CB Hornet 160R',56000,2017,1,1,13200,87543.0,7,1885.7142857142858,7
'Honda CB Unicorn Dazzler',22000,2011,1,0,38350,71757.0,13,2950.0,7
'Yamaha YBR 125',36000,2014,1,0,20400,54593.0,10,2040.0,18
'Bajaj V15',42000,2016,1,0,19500,67187.0,8,2437.5,3
'Royal Enfield Electra 5 S',85000,2008,1,0,20000,72752.5,16,1250.0,13
'Hero Passion PRO TR',45000,2014,1,0,36000,54586.0,10,3600.0,6
'Hero Karizma [2003-2014]',50000,2013,1,0,38000,85766.0,11,3454.5454545454545,6
'Royal Enfield Thunderbird 350',60000,2006,1,0,40000,72752.5,18,2222.222222222222,13
'Hero Honda Splendor Plus',28000,2008,1,0,70889,72752.5,16,4430.5625,6
'Bajaj Pulsar 180',42000,2014,1,1,19600,85011.0,10,1960.0,3
'Suzuki Access 125 [2007-2016]',16000,2011,1,0,40000,58314.0,13,3076.923076923077,14
'Hero Splendor iSmart',40000,2015,1,0,19055,52271.0,9,2117.222222222222,6
'Bajaj Pulsar 180',38000,2012,1,1,57000,85011.0,12,4750.0,3
'Honda Aviator',28000,2013,1,0,28087,63537.0,11,2553.3636363636365,7
'Royal Enfield Thunderbird 350',120000,2016,1,0,24600,72752.5,8,3075.0,13
'Mahindra Rodeo',20000,2013,1,0,7000,47343.0,11,636.3636363636364,12
'TVS Apache RTR 160',83299,2019,1,0,6400,72752.5,5,1280.0,15
'Yamaha Fazer FI V 2.0 [2016-2018]',65000,2018,1,0,3500,89643.0,6,583.3333333333334,18
'Honda Activa 5G',50000,2018,1,0,14000,59422.0,6,2333.3333333333335,7
'Bajaj Pulsar 220 Fi',65000,2013,1,0,6409,72752.5,11,582.6363636363636,3
'Hero Honda Karizma ZMR [2010]',45000,2012,1,2,44000,72752.5,12,3666.6666666666665,6
'Honda CB Hornet 160R',60000,2017,1,0,16500,92210.0,7,2357.1428571428573,7
'Royal Enfield Bullet 350',110000,2015,1,0,36000,72752.5,9,4000.0,13
'Hero Honda CD Deluxe',14700,2005,1,1,30000,72752.5,19,1578.9473684210527,6
'Yamaha Saluto',38000,2015,1,0,15000,63180.0,9,1666.6666666666667,18
'Suzuki Access 125',70000,2018,1,0,14500,72752.5,6,2416.6666666666665,14
'TVS Sport',35000,2018,1,0,26600,72752.5,6,4433.333333333333,15
'Hero Honda Glamour',19000,2012,1,0,32000,72752.5,12,2666.6666666666665,6
'KTM 125 Duke',130000,2019,1,0,3500,72752.5,5,700.0,10
'Bajaj Pulsar NS200',50000,2013,0,0,58203,72752.5,11,5291.181818181818,3
'Bajaj Pulsar 150 [2001-2011]',18000,2005,1,0,21885,72752.5,19,1151.842105263158,3
'Hero Xtreme 200R',87000,2019,1,0,3200,93400.0,5,640.0,6
'Hero Honda Splendor Plus',40000,2007,1,0,40000,72752.5,17,2352.9411764705883,6
'Bajaj Discover 150S',35000,2015,1,0,28000,63331.0,9,3111.1111111111113,3
'Hero Pleasure',30000,2013,1,0,24000,51600.0,11,2181.818181818182,6
'Bajaj Avenger Cruise 220',95000,2018,1,0,1800,72752.5,6,300.0,3
'Bajaj Discover 125 ST',25000,2012,1,0,76000,58438.0,12,6333.333333333333,3
'Bajaj Pulsar 150 [2001-2011]',26500,2010,1,0,52500,72752.5,14,3750.0,3
'Bajaj Boxer',12000,2008,1,0,17500,72752.5,16,1093.75,3
'Bajaj Pulsar 150',20000,2006,1,0,41000,72752.5,18,2277.777777777778,3
'Bajaj Pulsar 180',14900,2007,1,0,50000,85011.0,17,2941.176470588235,3
'Honda Dream Yuga',48000,2018,1,0,7110,56147.0,6,1185.0,7
'Yamaha FZ S [2012-2016]',40000,2014,1,0,27785,79432.0,10,2778.5,18
'Honda CB Unicorn',45000,2010,1,0,75000,71681.0,14,5357.142857142857,7
'Honda Shine',25000,2010,1,0,20000,72752.5,14,1428.5714285714287,7
'Honda Activa 3G',25000,2011,1,0,20000,54605.0,13,1538.4615384615386,7
'Honda Activa [2000-2015]',10000,2009,1,0,60000,50267.0,15,4000.0,7
'Mahindra Flyte',22000,2009,1,2,20000,44493.0,15,1333.3333333333333,12
'Honda Activa 3G',45000,2015,1,0,18000,54605.0,9,2000.0,7
'Yamaha Ray Z',75000,2017,1,0,15000,52949.0,7,2142.8571428571427,18
'Bajaj Pulsar 135 LS',24000,2010,1,0,45000,64589.0,14,3214.285714285714,3
'Yamaha FZ16',45000,2016,1,0,37000,78712.0,8,4625.0,18
'Hero Passion PRO i3s',55000,2017,1,0,14600,54475.0,7,2085.714285714286,6
'Bajaj Discover 125',10000,2006,1,0,51000,57549.0,18,2833.3333333333335,3
'Honda CB Unicorn 150',55000,2017,1,0,12000,74295.0,7,1714.2857142857142,7
'Bajaj Avenger [2015]',35000,2012,1,0,15000,75502.0,12,1250.0,3
'Bajaj Pulsar 150',26000,2012,1,1,65000,72752.5,12,5416.666666666667,3
'Hero Honda CD Deluxe',24700,2012,1,1,40000,72752.5,12,3333.3333333333335,6
'Hero Duet',35000,2016,1,1,49637,54080.0,8,6204.625,6
'Hero Honda Passion PRO [2012]',12000,2012,1,0,90000,72752.5,12,7500.0,6
'Honda Activa 3G',50000,2016,1,0,5326,54605.0,8,665.75,7
'Hero Super Splendor',35000,2014,1,1,37541,72752.5,10,3754.1,6
'Honda CB Trigger',45000,2015,1,0,36000,83437.0,9,4000.0,7
'Honda Dream Yuga',25000,2013,1,0,29000,56147.0,11,2636.3636363636365,7
'Hero Honda Passion Plus',40000,2018,1,0,29000,72752.5,6,4833.333333333333,6
'TVS Spectra',17000,2008,1,0,50000,72752.5,16,3125.0,15
'Hero Ignitor',30000,2016,1,0,18000,67722.0,8,2250.0,6
'Bajaj Pulsar 220F',60000,2017,1,1,40000,72752.5,7,5714.285714285715,3
'Hero Splendor Plus',30000,2013,1,0,20000,72752.5,11,1818.1818181818182,6
'Honda Activa 3G',32000,2015,1,0,4500,54605.0,9,500.0,7
'Bajaj Discover 150',30000,2012,1,0,50000,54299.0,12,4166.666666666667,3
'Bajaj Pulsar 150 [2001-2011]',55000,2010,1,0,42000,72752.5,14,3000.0,3
'Bajaj Avenger Street 150 [2018]',75000,2016,1,0,35000,80435.0,8,4375.0,3
'TVS Star City Plus',52000,2017,1,0,25000,72752.5,7,3571.4285714285716,15
'Bajaj Discover 125',38000,2018,1,0,34000,60122.0,6,5666.666666666667,3
'Bajaj Discover 135',12000,2007,1,0,60000,72752.5,17,3529.4117647058824,3
'Honda Activa [2000-2015]',22000,2014,1,0,38000,50267.0,10,3800.0,7
'Bajaj Avenger [2015]',65000,2015,1,0,26000,75502.0,9,2888.8888888888887,3
'Bajaj Platina 100',23000,2013,1,1,24000,72752.5,11,2181.818181818182,3
'Bajaj Discover 100',30000,2011,1,0,45000,42859.0,13,3461.5384615384614,3
'Bajaj Pulsar 150',35000,2011,1,0,36000,72752.5,13,2769.230769230769,3
'Bajaj Avenger Street 150 [2018]',80000,2017,1,0,30000,80435.0,7,4285.714285714285,3
'Bajaj Platina 100',20000,2012,1,0,16295,72752.5,12,1357.9166666666667,3
'Bajaj Pulsar 150',16000,2011,1,1,59000,72752.5,13,4538.461538461538,3
'Bajaj Pulsar 150',20000,2006,1,0,9500,72752.5,18,527.7777777777778,3
'Bajaj Pulsar NS200',50000,2012,1,0,46000,72752.5,12,3833.3333333333335,3
'Bajaj Pulsar 135 LS',20000,2010,1,0,80000,64589.0,14,5714.285714285715,3
'Bajaj Pulsar 180',65000,2018,1,0,26000,85011.0,6,4333.333333333333,3
'Yamaha FZ S V 2.0',40000,2015,1,0,25000,84042.0,9,2777.777777777778,18
'Bajaj Discover 150',30000,2011,1,1,39500,54299.0,13,3038.4615384615386,3
'Honda Activa [2000-2015]',25000,2012,1,0,40000,50267.0,12,3333.3333333333335,7
'Hero Splendor PRO',40000,2016,1,0,16000,51994.0,8,2000.0,6
'Honda Dream Neo',45000,2017,1,1,21000,49211.0,7,3000.0,7
'Bajaj CT 100',40000,2018,1,0,14000,72752.5,6,2333.3333333333335,3
'Suzuki Access 125',70000,2018,1,0,7000,76632.0,6,1166.6666666666667,14
'Honda Activa [2000-2015]',30000,2012,1,0,22000,50267.0,12,1833.3333333333333,7
'Hero Honda Pleasure',25000,2009,1,0,50000,72752.5,15,3333.3333333333335,6
'Bajaj Platina 100',20000,2012,1,0,16295,72752.5,12,1357.9166666666667,3
'Honda CB Hornet 160R',70000,2017,1,0,35000,87719.0,7,5000.0,7
'Bajaj V15',50000,2017,1,0,9000,65626.0,7,1285.7142857142858,3
'Hero Honda CD Deluxe',25000,2010,1,0,35000,72752.5,14,2500.0,6
'Bajaj Pulsar 150',22000,2011,1,0,60000,72752.5,13,4615.384615384615,3
'Honda Activa [2000-2015]',35000,2013,1,0,29500,50267.0,11,2681.818181818182,7
'TVS Apache RTR 160',40000,2014,1,1,50000,72752.5,10,5000.0,15
'Bajaj Pulsar 220F',75000,2016,1,0,10500,72752.5,8,1312.5,3
'Hero Honda Passion PRO [2012]',28000,2011,1,1,60000,72752.5,13,4615.384615384615,6
'Hero Maestro Edge',55000,2018,1,0,39000,52790.0,6,6500.0,6
'Honda Dio',30000,2014,1,0,24000,72752.5,10,2400.0,7
'Hero Glamour 125',40000,2016,1,0,15000,61600.0,8,1875.0,6
'Bajaj Avenger Street 160',85000,2019,1,0,3000,72752.5,5,600.0,3
'Yamaha YBR 125',35000,2013,1,0,20350,54593.0,11,1850.0,18
'Bajaj Pulsar 150',25000,2015,1,1,50000,72752.5,9,5555.555555555556,3
'Bajaj Pulsar 150',40000,2012,1,1,37000,72752.5,12,3083.3333333333335,3
'Hero Honda CD Deluxe',15000,2011,1,0,70000,72752.5,13,5384.615384615385,6
'Hero Passion PRO i3s',55000,2018,1,0,15000,54475.0,6,2500.0,6
'Bajaj Pulsar 180',60000,2015,1,0,28563,85011.0,9,3173.6666666666665,3
'Honda Shine',40000,2015,1,0,21121,72752.5,9,2346.777777777778,7
'Honda Dream Neo',50000,2014,1,0,25000,49211.0,10,2500.0,7
'Honda Dio',28000,2014,1,0,13000,72752.5,10,1300.0,7
'Hero Splendor Plus',35000,2013,1,0,55000,72752.5,11,5000.0,6
'TVS Streak',20000,2009,1,1,36000,72752.5,15,2400.0,15
'Bajaj Pulsar 180',40000,2013,1,0,34000,85011.0,11,3090.909090909091,3
'Hero Xtreme 200R',86000,2018,1,0,12000,93400.0,6,2000.0,6
'Yamaha YZF R15 [2011-2018]',65000,2011,1,0,29000,72752.5,13,2230.769230769231,18
'Bajaj Avenger Street 150 [2018]',60000,2017,1,0,30000,80435.0,7,4285.714285714285,3
'Honda CB Shine SP',41000,2017,1,0,33000,66697.0,7,4714.285714285715,7
'Honda Dream Yuga',32000,2017,1,0,39000,56147.0,7,5571.428571428572,7
'Honda Shine',37000,2014,1,0,16145,72752.5,10,1614.5,7
'Hero Splendor Plus i3s',65000,2019,1,0,1000,55600.0,5,200.0,6
'Hero Honda Passion Plus',18000,2007,1,1,50000,72752.5,17,2941.176470588235,6
'Hero Honda Passion PRO [2012]',28700,2012,1,1,49876,72752.5,12,4156.333333333333,6
'Honda Activa 3G',35000,2016,1,0,51000,54605.0,8,6375.0,7
'Bajaj Pulsar 180F',100000,2019,1,0,1300,72752.5,5,260.0,3
'Hero Honda Glamour',21000,2010,1,0,11000,72752.5,14,785.7142857142857,6
'Bajaj Pulsar 150 [2001-2011]',30000,2010,1,1,55000,72752.5,14,3928.5714285714284,3
'TVS Apache RTR 200 4V',90000,2019,1,0,20000,72752.5,5,4000.0,15
'Hero Honda Passion Plus',23500,2010,1,0,60000,72752.5,14,4285.714285714285,6
'Bajaj Pulsar 150',55000,2015,1,1,40000,72752.5,9,4444.444444444444,3
'Yamaha SZ X',35000,2010,1,0,46000,65800.0,14,3285.714285714286,18
'Bajaj Pulsar 180',35000,2009,1,0,19000,85011.0,15,1266.6666666666667,3
'Bajaj Pulsar 220 DTS-i',40000,2011,1,0,26000,72752.5,13,2000.0,3
'Hero Honda Achiever',15000,2009,1,0,86000,72752.5,15,5733.333333333333,6
'Honda CB Unicorn 160',75000,2016,1,0,40000,77545.0,8,5000.0,7
'Bajaj Avenger Cruise 220',70000,2016,1,0,10000,72752.5,8,1250.0,3
'Bajaj Discover 135',22000,2007,1,0,25000,72752.5,17,1470.5882352941176,3
'Yamaha FZ S V 2.0',80000,2019,1,0,10000,87042.0,5,2000.0,18
'Bajaj Pulsar 150',72000,2017,1,0,24000,72752.5,7,3428.5714285714284,3
'Hero HF Deluxe',30000,2014,1,1,35000,72752.5,10,3500.0,6
'Bajaj Pulsar 135 LS',25000,2011,1,1,30000,64589.0,13,2307.6923076923076,3
'Aprilia SR 125',65000,2018,1,0,6500,72752.5,6,1083.3333333333333,1
'Bajaj Pulsar 150',68000,2019,1,0,10000,72752.5,5,2000.0,3
'Hero Duet',27000,2016,1,0,28000,50280.0,8,3500.0,6
'Honda CB Twister',25000,2015,1,0,35000,57241.0,9,3888.8888888888887,7
'Bajaj Discover 125',45000,2016,1,0,20000,60122.0,8,2500.0,3
'Bajaj Pulsar 180',20100,2008,1,0,36000,85011.0,16,2250.0,3
'Honda Shine',30000,2014,1,0,25000,72752.5,10,2500.0,7
'Suzuki Swish [2012-2015]',30000,2014,1,0,30000,51685.0,10,3000.0,14
'Hero Super Splendor',45000,2012,1,0,21000,72752.5,12,1750.0,6
'Yamaha Fazer [2009-2016]',45000,2014,1,0,57700,84751.0,10,5770.0,18
'TVS Scooty Pep DLX',14500,2012,1,0,44000,72752.5,12,3666.6666666666665,15
'Honda Dream Yuga',47000,2019,1,0,8800,56147.0,5,1760.0,7
'TVS Star City Plus',26000,2014,1,1,68000,72752.5,10,6800.0,15
'TVS Apache RTR 160',50000,2017,1,0,38000,72752.5,7,5428.571428571428,15
'Honda Dio',23000,2010,1,0,40000,72752.5,14,2857.1428571428573,7
'Honda Activa [2000-2015]',50000,2014,1,0,48000,50267.0,10,4800.0,7
'Hero Maestro Edge',46000,2015,1,0,14000,55980.0,9,1555.5555555555557,6
'Honda CB Hornet 160R',80000,2017,1,0,18000,87719.0,7,2571.4285714285716,7
'Hero Karizma [2003-2014]',50000,2013,1,0,38000,85766.0,11,3454.5454545454545,6
'Honda CB Trigger',40000,2014,1,0,75000,83437.0,10,7500.0,7
'Honda CB Hornet 160R',70000,2017,1,0,35000,87719.0,7,5000.0,7
'Hero Glamour FI',30900,2014,1,0,25000,71150.0,10,2500.0,6
'Bajaj Avenger [2015]',65000,2010,1,0,20000,75502.0,14,1428.5714285714287,3
'TVS Apache RTR 160',89999,2019,1,0,6400,72752.5,5,1280.0,15
'Hero Honda Splendor Plus',17600,2006,1,0,52000,72752.5,18,2888.8888888888887,6
'Bajaj Platina 100',17000,2007,1,0,16000,72752.5,17,941.1764705882352,3
'Bajaj Pulsar 150 [2001-2011]',35000,2010,1,0,60000,72752.5,14,4285.714285714285,3
'Bajaj Discover 125',15000,2011,1,0,47000,57549.0,13,3615.3846153846152,3
'Hero Passion PRO i3s',35000,2016,1,0,18000,54475.0,8,2250.0,6
'Honda Activa [2000-2015]',15000,2006,1,0,50000,50267.0,18,2777.777777777778,7
'Bajaj Discover 125',50000,2018,1,0,6000,60122.0,6,1000.0,3
'Suzuki Gixxer [2014-2018]',69000,2017,1,0,20000,82813.0,7,2857.1428571428573,14
'TVS Wego',15000,2011,1,0,65000,54760.0,13,5000.0,15
'Bajaj Discover 150',25000,2008,1,0,25000,54299.0,16,1562.5,3
'Suzuki Access 125 [2007-2016]',30000,2012,1,0,23000,58314.0,12,1916.6666666666667,14
'Hero Karizma 2014',45000,2014,1,0,5555,86744.0,10,555.5,6
'Hero CD Deluxe',35000,2016,1,0,38000,72752.5,8,4750.0,6
'Hero Splendor Plus',25000,2015,1,0,45000,72752.5,9,5000.0,6
'TVS Apache RTR 160',70000,2018,1,0,16000,72752.5,6,2666.6666666666665,15
'Bajaj Pulsar 150',35000,2011,1,0,50000,72752.5,13,3846.153846153846,3
'Hero Honda Passion Plus',20000,2006,1,0,28000,72752.5,18,1555.5555555555557,6
'Honda CB Twister',30000,2012,1,0,50000,57241.0,12,4166.666666666667,7
'Bajaj CT 100',8000,2005,1,1,82000,72752.5,19,4315.789473684211,3
'Bajaj Pulsar 220 DTS-i',65000,2013,1,0,6409,72752.5,11,582.6363636363636,3
'Hero Honda Super Splendor [2005]',20000,2008,1,0,54000,72752.5,16,3375.0,6
'Honda CB Trigger',45000,2013,1,0,20000,76572.0,11,1818.1818181818182,7
'Hero Hunk',35000,2013,1,0,50000,78513.0,11,4545.454545454545,6
'Bajaj Discover 150',25000,2011,1,0,52000,54299.0,13,4000.0,3
'Hero Xtreme Sports',65000,2017,1,0,23000,78350.0,7,3285.714285714286,6
'Bajaj Avenger [2015]',45000,2011,1,0,35000,75502.0,13,2692.3076923076924,3
'Honda Activa 125',45000,2017,1,0,49000,72752.5,7,7000.0,7
'Bajaj Pulsar 220F',50000,2011,1,1,55000,72752.5,13,4230.7692307692305,3
'Bajaj Pulsar NS200',85000,2018,1,1,15100,72752.5,6,2516.6666666666665,3
'Hero Honda Splendor',25000,2008,1,0,38000,72752.5,16,2375.0,6
'Honda CB Unicorn 150',60000,2017,1,0,12652,74295.0,7,1807.4285714285713,7
'Bajaj Discover 100',25000,2010,1,1,28000,42859.0,14,2000.0,3
'TVS Wego',15000,2011,1,1,20000,54760.0,13,1538.4615384615386,15
'Honda CB Hornet 160R',60000,2017,1,1,16008,92210.0,7,2286.8571428571427,7
'Hero CBZ',35000,2010,1,0,36000,72752.5,14,2571.4285714285716,6
'TVS Scooty Zest 110',55000,2018,1,0,380,53751.0,6,63.333333333333336,15
'Hero Honda Glamour',35000,2012,1,0,30000,72752.5,12,2500.0,6
'Hero Honda CBZ extreme',35000,2011,1,0,35000,72752.5,13,2692.3076923076924,6
'Yamaha FZ S V 2.0',60000,2017,1,0,14500,84042.0,7,2071.4285714285716,18
'Suzuki Access 125',40000,2017,1,0,15000,72752.5,7,2142.8571428571427,14
'Bajaj Pulsar 150',30000,2010,1,0,54000,72752.5,14,3857.1428571428573,3
'Bajaj Pulsar NS160',80000,2018,1,0,11000,72752.5,6,1833.3333333333333,3
'Hero Splendor PRO',24000,2011,1,0,43000,51994.0,13,3307.6923076923076,6
'Honda Shine',18000,2010,1,0,15000,72752.5,14,1071.4285714285713,7
'Hero Passion Pro 110',20000,2008,1,2,40000,72752.5,16,2500.0,6
'Suzuki Access 125',20000,2012,1,0,24000,72752.5,12,2000.0,14
'TVS Jupiter',70000,2018,1,0,14000,72752.5,6,2333.3333333333335,15
'Hero Passion Pro 110',50000,2019,1,0,29442,72752.5,5,5888.4,6
'Yamaha FZ S V 2.0',75000,2017,1,0,20000,84042.0,7,2857.1428571428573,18
'Honda Livo',25000,2015,1,0,30000,72752.5,9,3333.3333333333335,7
'Honda CB Hornet 160R',70000,2017,1,0,38000,87543.0,7,5428.571428571428,7
'Honda Activa 125 [2016-2017]',55000,2018,1,0,18000,61545.0,6,3000.0,7
'Honda Activa 5G',51000,2018,1,0,14000,59422.0,6,2333.3333333333335,7
'Yamaha Saluto',74000,2019,1,0,13000,59844.0,5,2600.0,18
'Yamaha FZ S V 2.0',65000,2017,1,0,42000,84042.0,7,6000.0,18
'Bajaj Avenger Street 150 [2018]',60000,2016,1,1,27000,80435.0,8,3375.0,3
'Bajaj Pulsar 220F',110000,2019,1,0,4000,72752.5,5,800.0,3
'TVS Apache RTR 160 4V',85009,2018,1,0,7500,72752.5,6,1250.0,15
'Hero Passion Pro 110',60000,2013,1,0,15000,72752.5,11,1363.6363636363637,6
'Bajaj Pulsar 150',25000,2013,1,1,70000,72752.5,11,6363.636363636364,3
'TVS Apache RTR 160 4V',75000,2019,1,0,12657,72752.5,5,2531.4,15
'Honda CB Unicorn 150',30000,2010,1,0,69000,74295.0,14,4928.571428571428,7
'Honda Activa 3G',30000,2015,1,0,18000,54605.0,9,2000.0,7
'Honda Shine',20000,2007,1,0,80000,72752.5,17,4705.882352941177,7
'Honda Activa 5G',62000,2019,1,0,11200,59422.0,5,2240.0,7
'Bajaj Avenger Street 220',60000,2016,1,0,17000,95955.0,8,2125.0,3
'Hero Xtreme [2013-2014]',45000,2014,1,0,56420,72492.0,10,5642.0,6
'Yamaha FZ S [2012-2016]',40000,2011,1,0,82000,79432.0,13,6307.692307692308,18
'Suzuki Intruder 150',75000,2018,1,0,10000,72752.5,6,1666.6666666666667,14
'Bajaj Pulsar RS 200',105000,2017,1,0,18345,72752.5,7,2620.714285714286,3
'Bajaj Discover 135',30000,2009,1,0,20000,72752.5,15,1333.3333333333333,3
'Bajaj Pulsar 135 LS',45000,2014,1,0,14000,64589.0,10,1400.0,3
'Honda CB Unicorn 150',45000,2016,1,1,50000,74295.0,8,6250.0,7
'Honda Activa 5G',65000,2019,1,0,3025,59422.0,5,605.0,7
'Bajaj Pulsar 135 LS',20000,2011,1,0,60000,64589.0,13,4615.384615384615,3
'Hero Duet',37000,2016,1,0,6000,50280.0,8,750.0,6
'Hero Splendor NXG',18000,2011,1,0,35000,44814.0,13,2692.3076923076924,6
'Hero Glamour 125',25000,2013,1,0,50000,61600.0,11,4545.454545454545,6
'Honda Activa 5G',46000,2018,1,0,10000,57557.0,6,1666.6666666666667,7
'Yamaha Fascino 110',55000,2019,1,0,7000,57112.0,5,1400.0,18
'Bajaj V15',40000,2016,1,0,34000,67187.0,8,4250.0,3
'Hero Honda Passion PRO [2012]',25000,2012,1,1,20000,72752.5,12,1666.6666666666667,6
'Honda Activa [2000-2015]',25000,2012,1,0,38000,50267.0,12,3166.6666666666665,7
'Bajaj Pulsar NS160',70000,2018,1,0,20000,72752.5,6,3333.3333333333335,3
'Bajaj Pulsar RS 200',80000,2015,1,0,32000,72752.5,9,3555.5555555555557,3
'Yamaha Alpha',25000,2015,1,1,14000,54253.0,9,1555.5555555555557,18
'Mahindra Gusto',25000,2016,1,0,13500,51185.0,8,1687.5,12
'Bajaj Discover 125',26000,2012,1,0,75000,57549.0,12,6250.0,3
'Hero Glamour 125',15000,2011,1,0,75000,61600.0,13,5769.2307692307695,6
'Honda CB Unicorn 160',50000,2017,1,0,52000,77545.0,7,7428.571428571428,7
'Hero Pleasure',26500,2013,1,0,18860,49600.0,11,1714.5454545454545,6
'Bajaj CT 100',30000,2016,1,0,38500,72752.5,8,4812.5,3
'Yamaha FZ S V 2.0',90000,2018,1,0,10500,87042.0,6,1750.0,18
'Bajaj Pulsar 180',85000,2016,1,0,35000,85011.0,8,4375.0,3
'Hero Glamour 125',54000,2013,1,0,17000,61600.0,11,1545.4545454545455,6
'Bajaj CT 100',42000,2019,1,0,2900,72752.5,5,580.0,3
'Bajaj Discover 100 T',25000,2014,1,0,30000,47032.0,10,3000.0,3
'TVS Star City Plus',50000,2016,1,1,14000,72752.5,8,1750.0,15
'Honda CB Unicorn 150',55000,2014,1,0,10000,74295.0,10,1000.0,7
'Hero Passion PRO TR',35000,2014,1,0,9556,54586.0,10,955.6,6
'Honda CB Shine SP',50000,2018,1,0,37000,64750.0,6,6166.666666666667,7
'Bajaj V15',45000,2015,1,0,2700,65626.0,9,300.0,3
'Bajaj V15',45000,2016,1,0,36000,67187.0,8,4500.0,3
'Bajaj Discover 100',28000,2015,1,1,52000,42859.0,9,5777.777777777777,3
'Royal Enfield Electra 4 S',80000,2013,1,0,46000,72752.5,11,4181.818181818182,13
'KTM 200 Duke',130000,2016,1,0,12000,72752.5,8,1500.0,10
'Bajaj Pulsar 220F',120000,2019,1,0,6500,72752.5,5,1300.0,3
'Suzuki GS150R',27000,2012,1,0,14100,70851.0,12,1175.0,14
'Honda Shine',30000,2014,1,0,40000,72752.5,10,4000.0,7
'Honda CB Unicorn Dazzler',50000,2010,1,0,75000,71757.0,14,5357.142857142857,7
'Honda Livo',45000,2018,1,0,10000,72752.5,6,1666.6666666666667,7
'Honda Aviator',28000,2009,1,0,29625,59183.0,15,1975.0,7
'Honda Activa [2000-2015]',6000,2006,1,1,35000,50267.0,18,1944.4444444444443,7
'Hero Hunk',35000,2016,1,0,32000,78513.0,8,4000.0,6
'Honda Activa 125',30000,2014,1,0,20000,72752.5,10,2000.0,7
'Bajaj Discover 110',15000,2007,1,0,70000,52710.0,17,4117.64705882353,3
'Hero Xtreme [2013-2014]',45000,2013,1,0,57000,75936.0,11,5181.818181818182,6
'TVS Victor GLX',18000,2005,1,0,11000,72752.5,19,578.9473684210526,15
'Bajaj Pulsar NS200',85000,2018,1,0,17500,72752.5,6,2916.6666666666665,3
'Honda Aviator',30000,2014,1,0,7000,59183.0,10,700.0,7
'Bajaj Platina 100',40000,2018,1,0,17500,72752.5,6,2916.6666666666665,3
'TVS Sport',34000,2018,1,0,25000,72752.5,6,4166.666666666667,15
'Hero Honda Passion Plus',8000,2003,1,0,53500,72752.5,21,2547.6190476190477,6
'Bajaj V15',70000,2018,1,0,15000,67187.0,6,2500.0,3
'Honda Dio',50000,2016,1,0,8000,72752.5,8,1000.0,7
'Honda Dream Yuga',35000,2015,1,0,39448,56147.0,9,4383.111111111111,7
'Hero Honda Splendor Plus',20000,2006,1,0,75000,72752.5,18,4166.666666666667,6
'Bajaj Pulsar 150',50000,2012,1,0,28000,72752.5,12,2333.3333333333335,3
'Bajaj Discover 135',37000,2008,1,0,62000,72752.5,16,3875.0,3
'Honda Livo',69000,2018,1,0,12000,72752.5,6,2000.0,7
'Hero Honda Splendor NXG',28000,2012,1,0,49999,72752.5,12,4166.583333333333,6
'Bajaj Discover 125',25000,2011,1,0,70000,57549.0,13,5384.615384615385,3
'Yamaha FZ V 2.0',60000,2018,1,0,25000,81508.0,6,4166.666666666667,18
'Yamaha SZ-S',50000,2014,1,0,20000,72532.0,10,2000.0,18
'Bajaj Discover 125 M',30000,2014,1,0,45000,49146.0,10,4500.0,3
'Yamaha FZ S [2012-2016]',60000,2014,1,0,68000,79432.0,10,6800.0,18
'Bajaj Xcd',20000,2009,1,0,16000,72752.5,15,1066.6666666666667,3
'Bajaj Avenger Street 160',80000,2019,1,0,5000,72752.5,5,1000.0,3
'Royal Enfield Electra 5 S',99000,2006,1,1,36000,72752.5,18,2000.0,13
'Hero Honda Splendor Plus',20000,2005,1,0,27370,72752.5,19,1440.5263157894738,6
'Hero Glamour 125',50000,2017,1,0,8600,61600.0,7,1228.5714285714287,6
'TVS Victor GLX',27000,2002,1,0,49000,72752.5,22,2227.2727272727275,15
'Honda Grazia',60000,2018,1,0,16000,72752.5,6,2666.6666666666665,7
'Hero Xtreme 2014',50000,2014,1,0,10000,72973.0,10,1000.0,6
'Hero Pleasure',20000,2012,1,1,30000,49600.0,12,2500.0,6
'Hero Passion XPro',45000,2018,1,0,7000,58900.0,6,1166.6666666666667,6
'Hero Super Splendor',40000,2013,1,0,68000,72752.5,11,6181.818181818182,6
'Yamaha FZ S [2012-2016]',45000,2016,1,1,20000,79432.0,8,2500.0,18
'Honda Activa [2000-2015]',25000,2015,1,0,25000,50267.0,9,2777.777777777778,7
'Hero Glamour FI',75000,2019,1,0,8900,71150.0,5,1780.0,6
'Hero Honda Passion Plus',25000,2007,1,0,70000,72752.5,17,4117.64705882353,6
'Hero Splendor Plus',25000,2006,1,1,40000,72752.5,18,2222.222222222222,6
'Honda CB Unicorn 150',30000,2012,1,0,32000,74295.0,12,2666.6666666666665,7
'Bajaj Discover 135',25000,2010,1,0,55000,72752.5,14,3928.5714285714284,3
'Hero Honda Splendor',10000,2006,1,0,75000,72752.5,18,4166.666666666667,6
'Hero Honda CD Deluxe',25000,2008,1,2,65000,72752.5,16,4062.5,6
'Honda Dream Neo',42000,2014,1,0,21000,53415.0,10,2100.0,7
'Hero Maestro',30000,2013,1,0,60000,49412.0,11,5454.545454545455,6
'Honda CB Unicorn Dazzler',25000,2011,1,0,40000,71757.0,13,3076.923076923077,7
'TVS Apache [2006]',15000,2006,1,0,40000,72752.5,18,2222.222222222222,15
'Hero Passion XPro',25000,2013,1,0,25000,59640.0,11,2272.7272727272725,6
'Honda Activa 5G',50000,2018,1,0,25000,57957.0,6,4166.666666666667,7
'Honda Activa i',30000,2014,1,0,25000,53900.0,10,2500.0,7
'TVS Apache RTR 200 4V',125000,2019,1,0,3000,72752.5,5,600.0,15
'Hero Honda CBZ extreme',35000,2011,1,0,28000,72752.5,13,2153.846153846154,6
'Suzuki Gixxer [2014-2018]',45000,2015,1,0,40000,78316.0,9,4444.444444444444,14
'Bajaj Pulsar 150',75000,2017,1,0,30000,72752.5,7,4285.714285714285,3
'Bajaj Pulsar AS150',55000,2017,1,1,20000,80821.0,7,2857.1428571428573,3
'Bajaj Platina 100',25000,2013,1,0,30000,72752.5,11,2727.2727272727275,3
'Honda CB Twister',70000,2014,1,0,12566,49150.0,10,1256.6,7
'Suzuki SlingShot',24000,2011,1,0,17000,72752.5,13,1307.6923076923076,14
'TVS Apache RTR 160',70000,2018,1,0,17000,72752.5,6,2833.3333333333335,15
'Bajaj V12',45000,2017,1,0,35000,58906.0,7,5000.0,3
'Hero Karizma 2014',25000,2015,1,0,40000,86744.0,9,4444.444444444444,6
'Yamaha Fascino 110',38000,2016,1,0,37000,54500.0,8,4625.0,18
'Honda CB Unicorn 160',45000,2015,1,0,15000,77545.0,9,1666.6666666666667,7
'Yamaha Gladiator',15000,2009,1,0,46000,72752.5,15,3066.6666666666665,18
'Hero Honda Glamour',45000,2012,1,0,75000,72752.5,12,6250.0,6
'Bajaj Discover 100',22000,2014,1,0,14289,42859.0,10,1428.9,3
'Mahindra Gusto',30000,2015,1,1,20000,51185.0,9,2222.222222222222,12
'Royal Enfield Thunderbird 350',100000,2012,1,0,28000,72752.5,12,2333.3333333333335,13
'Royal Enfield Classic 350',100000,2014,1,0,19000,72752.5,10,1900.0,13
'Bajaj Pulsar 150',60000,2017,1,0,28450,72752.5,7,4064.285714285714,3
'Royal Enfield Electra Twinspark',100000,2014,1,0,31500,72752.5,10,3150.0,13
'Bajaj Pulsar 150',40000,2016,1,0,28000,72752.5,8,3500.0,3
'Hero HF Deluxe',40000,2018,1,0,16000,72752.5,6,2666.6666666666665,6
'Honda Activa [2000-2015]',25000,2007,1,0,17860,50267.0,17,1050.5882352941176,7
'Yamaha FZ S [2012-2016]',45000,2015,1,0,24000,79432.0,9,2666.6666666666665,18
'Bajaj Avenger Cruise 220',75000,2016,1,0,10950,72752.5,8,1368.75,3
'Honda Dio',45000,2017,1,0,35850,72752.5,7,5121.428571428572,7
'Honda Activa i [2016-2017]',35000,2016,1,0,29000,53436.0,8,3625.0,7
'Yamaha FZ V 2.0',60000,2016,1,0,45420,81508.0,8,5677.5,18
'Royal Enfield Classic 350',130000,2018,1,1,35000,72752.5,6,5833.333333333333,13
'Honda CB Shine SP',42000,2017,1,0,19800,64750.0,7,2828.5714285714284,7
'Bajaj V15',76000,2018,1,0,23000,65626.0,6,3833.3333333333335,3
'Hero CBZ',40000,2014,1,0,35000,72752.5,10,3500.0,6
'Hero Splendor Plus',65000,2018,1,0,7500,72752.5,6,1250.0,6
'Bajaj Discover 100 T',20000,2013,1,0,20000,47032.0,11,1818.1818181818182,3
'Honda CB Hornet 160R',70000,2018,1,0,7000,92661.0,6,1166.6666666666667,7
'TVS Apache RTR 160 4V',105000,2019,1,0,6000,72752.5,5,1200.0,15
'Honda CB Shine SP',50000,2017,1,0,34300,62317.0,7,4900.0,7
'Royal Enfield Classic 350',120000,2017,1,0,7199,72752.5,7,1028.4285714285713,13
'Bajaj Pulsar 180',25000,2011,1,0,43000,85011.0,13,3307.6923076923076,3
'Hero Super Splendor',50000,2017,1,0,9999,72752.5,7,1428.4285714285713,6
'Hero Honda CBZ extreme',25000,2007,1,0,80000,72752.5,17,4705.882352941177,6
'Bajaj Pulsar 180',50000,2014,1,0,30000,85011.0,10,3000.0,3
'Bajaj Discover 150',35000,2015,1,0,12000,54299.0,9,1333.3333333333333,3
'Bajaj Pulsar 180',30000,2009,1,0,17500,85011.0,15,1166.6666666666667,3
'Honda Shine',37000,2016,1,0,45000,72752.5,8,5625.0,7
'Honda CB Unicorn 150',42000,2013,1,0,38000,74295.0,11,3454.5454545454545,7
'Royal Enfield Himalayan',119000,2016,1,0,19800,72752.5,8,2475.0,13
'Hero Honda Passion Plus',22000,2008,1,1,85000,72752.5,16,5312.5,6
'Hero Honda Splendor Plus',15000,2007,1,0,70000,72752.5,17,4117.64705882353,6
'Bajaj Pulsar 220F',45000,2011,1,0,40000,72752.5,13,3076.923076923077,3
'Bajaj Avenger Street 220',75000,2018,1,0,12000,95955.0,6,2000.0,3
'Honda Activa 125 [2016-2017]',50000,2017,1,0,27000,61545.0,7,3857.1428571428573,7
'Bajaj Discover 150F',30000,2015,1,0,12000,64071.0,9,1333.3333333333333,3
'Bajaj Pulsar 150 [2001-2011]',22000,2011,1,0,36000,72752.5,13,2769.230769230769,3
'Honda Dream Yuga',45000,2017,1,0,26000,56147.0,7,3714.285714285714,7
'Honda Activa [2000-2015]',35000,2012,1,0,29000,50267.0,12,2416.6666666666665,7
'Bajaj CT 100',25000,2017,1,0,45000,72752.5,7,6428.571428571428,3
'Honda CB Hornet 160R',70000,2017,1,0,13000,92210.0,7,1857.142857142857,7
'Hero CD Dawn',10000,2005,1,0,48000,72752.5,19,2526.315789473684,6
'Bajaj Discover 100',24000,2014,1,0,31000,42859.0,10,3100.0,3
'Honda Shine',42000,2017,1,0,25000,72752.5,7,3571.4285714285716,7
'TVS Max DLX',26000,2002,1,1,28000,72752.5,22,1272.7272727272727,15
'Honda Dio',60000,2018,1,0,11000,72752.5,6,1833.3333333333333,7
'Bajaj Pulsar 180',72000,2017,0,0,7850,85011.0,7,1121.4285714285713,3
'Royal Enfield Thunderbird 350',120000,2015,1,0,10000,72752.5,9,1111.111111111111,13
'Royal Enfield Thunderbird 350',59000,2005,1,1,40000,72752.5,19,2105.2631578947367,13
'Hero Pleasure [2005-2015]',30000,2013,1,0,25000,46779.0,11,2272.7272727272725,6
'TVS Victor',18000,2004,1,0,46700,54852.0,20,2335.0,15
'Bajaj Pulsar 150',35000,2011,1,0,12000,72752.5,13,923.0769230769231,3
'Honda Dream Yuga',30000,2015,1,1,46070,56147.0,9,5118.888888888889,7
'Bajaj Pulsar 150',35000,2009,1,0,14500,72752.5,15,966.6666666666666,3
'Bajaj Pulsar 150 [2001-2011]',35000,2008,1,0,70000,72752.5,16,4375.0,3
'Hero Honda Splendor Plus',20000,2010,1,1,30000,72752.5,14,2142.8571428571427,6
'Hero Splendor iSmart',40000,2015,1,0,10000,52271.0,9,1111.111111111111,6
'Hero Super Splendor',30000,2011,1,0,89000,72752.5,13,6846.153846153846,6
'Bajaj Discover 100',21000,2009,1,0,50000,42859.0,15,3333.3333333333335,3
'Yamaha Fazer [2009-2016]',35000,2011,1,0,15500,84751.0,13,1192.3076923076924,18
'Bajaj Discover 125',23000,2011,1,0,66000,57549.0,13,5076.923076923077,3
'Honda Shine',40000,2011,1,0,8600,72752.5,13,661.5384615384615,7
'Bajaj Discover 125 M',45000,2014,1,0,40000,47186.0,10,4000.0,3
'Bajaj Avenger Street 150 [2018]',60000,2016,1,0,25000,80435.0,8,3125.0,3
'Yamaha Fazer [2009-2016]',40000,2013,1,0,34500,84751.0,11,3136.3636363636365,18
'Hero Passion X Pro [2016-2017]',42000,2016,1,0,15500,59095.0,8,1937.5,6
'Honda Activa [2000-2015]',18000,2011,1,0,28000,50267.0,13,2153.846153846154,7
'TVS Star City',15000,2006,1,0,40000,46575.0,18,2222.222222222222,15
'Hero Honda Hunk',45000,2013,1,0,40000,72752.5,11,3636.3636363636365,6
'TVS Star City',25000,2016,1,0,50000,47108.0,8,6250.0,15
'Bajaj Pulsar 150',70000,2017,1,0,24000,72752.5,7,3428.5714285714284,3
'Bajaj Discover 100',23000,2012,1,0,50000,42859.0,12,4166.666666666667,3
'TVS Victor',10000,2005,1,0,55000,54852.0,19,2894.7368421052633,15
'Hero Honda Splendor Plus',25000,2012,1,0,70000,72752.5,12,5833.333333333333,6
'Honda Aviator',25000,2012,1,1,12000,59183.0,12,1000.0,7
'Bajaj Pulsar 180',50000,2010,1,0,70000,85011.0,14,5000.0,3
'Bajaj Avenger [2015]',60000,2015,1,1,16000,75502.0,9,1777.7777777777778,3
'Hero CD Dawn',35000,2014,1,0,38000,72752.5,10,3800.0,6
'Honda CB Shine SP',50000,2016,1,0,45000,64750.0,8,5625.0,7
'Hero Honda CD Deluxe',25500,2012,1,0,28990,72752.5,12,2415.8333333333335,6
'Hero Honda Hunk',35000,2010,1,0,13000,72752.5,14,928.5714285714286,6
'Hero Honda CD Deluxe',20000,2005,1,0,15000,72752.5,19,789.4736842105264,6
'Honda Activa 3G',40000,2016,1,0,60000,54605.0,8,7500.0,7
'Bajaj Pulsar 135 LS',45000,2017,1,0,22000,64589.0,7,3142.8571428571427,3
'Bajaj Pulsar 150 [2001-2011]',30000,2008,1,0,19500,72752.5,16,1218.75,3
'Hero Pleasure',30000,2013,1,0,25000,49600.0,11,2272.7272727272725,6
'Hero Honda CBZ extreme',30000,2011,1,2,70000,72752.5,13,5384.615384615385,6
'Bajaj Pulsar 150',40000,2014,1,1,65000,72752.5,10,6500.0,3
'Honda CB Twister',25000,2012,1,0,86000,53857.0,12,7166.666666666667,7
'Honda Livo',45000,2017,1,0,30000,72752.5,7,4285.714285714285,7
'Bajaj Pulsar AS200',65000,2015,1,0,33000,92074.0,9,3666.6666666666665,3
'Honda Activa 3G',40000,2015,1,0,36000,54605.0,9,4000.0,7
'Hero Honda Hunk',40000,2010,1,0,41000,72752.5,14,2928.5714285714284,6
'Honda CB Hornet 160R',70000,2017,1,0,28000,83340.0,7,4000.0,7
'Hero HF Deluxe',35000,2018,1,0,15000,72752.5,6,2500.0,6
'Hero Splendor PRO',35000,2015,1,0,35280,51994.0,9,3920.0,6
'Bajaj Boxer',15000,2004,1,0,18000,72752.5,20,900.0,3
'Royal Enfield Electra 5 S',99000,2012,1,0,28000,72752.5,12,2333.3333333333335,13
'Royal Enfield Electra 5 S',90000,2012,1,0,40000,72752.5,12,3333.3333333333335,13
'Hero Honda Hunk',20000,2010,1,0,17000,72752.5,14,1214.2857142857142,6
'Hero Ignitor',36000,2016,1,0,23000,65599.0,8,2875.0,6
'Bajaj Discover 100 M',32000,2014,1,0,30000,44756.0,10,3000.0,3
'Honda Activa 3G',50000,2016,1,0,6000,54605.0,8,750.0,7
'Bajaj Pulsar 135 LS',50000,2015,1,0,48000,64589.0,9,5333.333333333333,3
'Bajaj Pulsar 220 DTS-i',60000,2014,1,0,16000,72752.5,10,1600.0,3
'Hero Honda CBZ extreme',40000,2009,1,0,50000,72752.5,15,3333.3333333333335,6
'Hero Honda CBZ extreme',35000,2012,1,0,60000,72752.5,12,5000.0,6
'Bajaj Avenger 220',90000,2019,1,0,1300,95000.0,5,260.0,3
'Bajaj Avenger 150',75000,2018,1,0,7000,80000.0,6,1166.6666666666667,3
'Honda CB Hornet 160R',80000,2019,1,0,3000,87000.0,5,600.0,7
'Yamaha FZ S V 2.0',78000,2019,1,0,5000,84000.0,5,1000.0,18
'Honda CB Hornet 160R',75000,2019,1,0,11000,87000.0,5,2200.0,7
'Yamaha FZ 16',75000,2017,1,0,18000,82000.0,7,2571.4285714285716,18
'Bajaj Avenger 220',75000,2019,1,0,3500,95000.0,5,700.0,3
'Bajaj Avenger 220',72000,2018,1,0,500,95000.0,6,83.33333333333333,3
'TVS Apache RTR 160',65000,2019,1,0,11800,81000.0,5,2360.0,15
'Bajaj Pulsar 150',65000,2017,1,0,5000,74000.0,7,714.2857142857143,3
'Hero Extreme',65000,2015,1,0,16000,78700.0,9,1777.7777777777778,6
'Honda CB Hornet 160R',60000,2018,1,0,15000,87000.0,6,2500.0,7
'Bajaj Avenger 220 dtsi',60000,2017,1,0,16600,95000.0,7,2371.4285714285716,3
'Bajaj Avenger 150 street',60000,2018,1,0,20000,80000.0,6,3333.3333333333335,3
'Yamaha FZ  v 2.0',60000,2017,1,0,29000,84000.0,7,4142.857142857143,18
'Yamaha FZ  v 2.0',60000,2018,1,0,25000,84000.0,6,4166.666666666667,18
'TVS Apache RTR 160',60000,2014,1,0,19000,81000.0,10,1900.0,15
'Hero Extreme',55000,2016,1,0,15000,78700.0,8,1875.0,6
'Bajaj Pulsar 220 F',52000,2012,1,0,45000,94000.0,12,3750.0,3
'Bajaj Pulsar 220 F',51000,2018,1,0,24000,94000.0,6,4000.0,3
'TVS Apache RTR 180',50000,2013,1,0,6000,82600.0,11,545.4545454545455,15
'Hero Passion X pro',50000,2018,1,0,31000,55000.0,6,5166.666666666667,6
'Yamaha Fazer ',50000,2016,1,0,8000,88000.0,8,1000.0,18
'Honda Activa 4G',48000,2019,1,0,4300,51000.0,5,860.0,7
'TVS Sport ',48000,2019,1,0,15000,52000.0,5,3000.0,15
'Yamaha FZ S V 2.0',48000,2017,1,0,23000,84000.0,7,3285.714285714286,18
'Honda Dream Yuga ',48000,2019,1,0,8600,54000.0,5,1720.0,7
'Honda Activa 4G',45000,2019,1,0,4000,51000.0,5,800.0,7
'Bajaj Avenger Street 220',45000,2013,1,0,24000,95000.0,11,2181.818181818182,3
'TVS Apache RTR 180',45000,2016,1,0,23000,82600.0,8,2875.0,15
'Bajaj Avenger 220 dtsi',45000,2012,1,0,27000,95000.0,12,2250.0,3
'Hero Splender iSmart',45000,2018,1,0,14000,54000.0,6,2333.3333333333335,6
'Activa 3g',45000,2018,1,0,500,54000.0,6,83.33333333333333,0
'Hero Passion Pro',45000,2018,1,0,1000,55000.0,6,166.66666666666666,6
'TVS Apache RTR 160',42000,2016,1,0,42000,81000.0,8,5250.0,15
'Honda CB Trigger',42000,2015,1,0,12000,73000.0,9,1333.3333333333333,7
'Hero Splender iSmart',40000,2017,1,0,14000,54000.0,7,2000.0,6
'Yamaha FZ S ',40000,2014,1,0,5500,83000.0,10,550.0,18
'Hero Passion Pro',40000,2017,1,0,6700,55000.0,7,957.1428571428571,6
'Bajaj Pulsar 135 LS',40000,2016,1,0,13700,64000.0,8,1712.5,3
'Activa 4g',40000,2019,1,0,1300,51000.0,5,260.0,0
'Honda CB Unicorn',38000,2017,1,0,38600,72000.0,7,5514.285714285715,7
'Hero Honda CBZ extreme',38000,2013,1,0,75000,78700.0,11,6818.181818181818,6
'Honda Activa 125',35000,2018,1,0,24000,57000.0,6,4000.0,7
'TVS Jupyter',35000,2016,1,0,19000,52000.0,8,2375.0,15
'Hero Honda Passion Pro',30000,2014,1,0,60000,51000.0,10,6000.0,6
'Honda CB Shine',30000,2015,1,0,30000,58000.0,9,3333.3333333333335,7
'Bajaj Discover 100',27000,2015,1,0,21000,47000.0,9,2333.3333333333335,3
'Bajaj Pulsar 150',25000,2010,1,1,26000,75000.0,14,1857.142857142857,3
'Suzuki Access 125',25000,2010,1,0,1900,58000.0,14,135.71428571428572,14
'TVS Wego',25000,2012,1,0,22000,52000.0,12,1833.3333333333333,15
'Honda CB twister',25000,2015,1,0,32000,51000.0,9,3555.5555555555557,7
'Hero Glamour',25000,2015,1,0,18000,57000.0,9,2000.0,6
'Hero Super Splendor',20000,2007,1,0,55000,57000.0,17,3235.294117647059,6
'Bajaj Pulsar 150',20000,2010,1,0,60000,75000.0,14,4285.714285714285,3
'Bajaj Discover 125',20000,2014,1,1,25000,57000.0,10,2500.0,3
'Hero Hunk',20000,2009,1,1,49000,75000.0,15,3266.6666666666665,6
'Hero  Ignitor Disc',20000,2015,1,1,24000,65000.0,9,2666.6666666666665,6
'Hero  CBZ Xtreme',20000,2010,1,0,50000,78700.0,14,3571.4285714285716,6
'Honda CB twister',16000,2012,1,0,33000,51000.0,12,2750.0,7
'Bajaj Discover 125',15000,2013,1,1,35000,57000.0,11,3181.818181818182,3
'Honda CB Shine',12000,2009,1,0,53000,58000.0,15,3533.3333333333335,7
